"Joe","$2a$10$kHOnUHk77bJPCVtih5m/1.89pN/cSea10ZDpptIbzFbqjEawYz9D6","2"
"Brandon","$2a$10$lmz6Vdsb8w7H.DeFxiL19OaYfXSv0.ZdzIf8HP0Piv1dqUGkwt4K2","1"
"bbbb","$2a$10$bZq2YdsIcOOYlT19gm0JtOHXojGjNy1XmTHgZ0DEo965Opfvcm51i","1"
"Jasmine","$2a$10$heCAY/93.VcSdtLZCKkvw.upv3a9YpsT5.hmWmpPuH9f0irwFbf8y","1"
"Mike","$2a$10$qxynm8WoxSOmkczga7h4A.84Vn4lFdZUoClHOF/yv43Y4TSIUu9Mm","1"
"b","$2a$10$xuJqpP/3veEvrJmIsmejI.t4FerrjlKEzJRHSBhOmsdAy/kA.M4/m","1"
"aaaa","$2a$10$Tsx.fLcXUxHSzjpVGAFXyOS2dXSCx2ck6zsvj3SNlzuJHJoHEFU4C","1"
"test","$2a$10$8l7cv5XypaCGe1eZ8or.6e2WFe/5YQumjhBYrcrbSIn41z8MPNI1W","1"
"test1","$2a$10$uN400.mQjhj9HSqZDk1umeWRzqd/tVBSalOq1psZn1rLiNnjpChG6","1"
"p","$2a$10$N4aWkud0.BNfGcobp6pSUuYGgn27ygTEbq6OWGD0VhPCoJ4za6gNy","1"
"c","$2a$10$8g.6HUfbutUc1aYF4C8QbuEnkRqzPgpfwRJHCXLvn7.ULYUj02Gy2","1"
"o","$2a$10$MWUUeAe8H5dNsG2aGNBqIuJEN0ZKGztqd08WgsUxGRtkorhw7jXFy","1"
"1","$2a$10$1UZ6UxF5vqQFQ4SStti/HuKdrQaU83H9KsoRdAzL3cOkZbqWWX.pe","1"
"test12","$2a$10$aoblHOIZ9XLh5Nx3Un5vPejk1.0xJoYMJ3GGAxXXOCTvuhKvIGcuq","1"
"afdhg","$2a$10$9deqZxWkLyOUj2OMnGiu5OHEEqXsy94p5/4ybvs1tJ4LFp8pl6dTu","1"
"pls work","$2a$10$.ht2A0UL4khrWDklrAVDGOksplZxQS2EhVkrftGDP3Ryom6m0BXvm","1"
"gfdag","$2a$10$x695ds7yY2aUbTHxtphgbORylVr1ZflEjQRJacN6VIaxfk9KY1OFu","1"
"fdhgdah","$2a$10$ACVvOAbsVG1/XGZHIP2H0.dUWUJR19pf8Ir321gi8gFO8/MfBq2Li","1"
"Shrek","$2a$10$4STFu1WiwF1PFdcEKPaqo.f.DHcar0beb0s8R0DzdMLd.QSiYlUSW","1"
"Dunkey1","$2a$10$eFz3AnE5MB6gbVZR6MmL2uAOHtMygGIRj85p2vQGNaW6vhpveEUCq","1"
"Dune","$2a$10$Wrscoue.9MasgPwXR2AECees8NCxqfl/eYYNjA8y/DrZT3n6Vstma","1"
"Snoop Dogg","$2a$10$Lyq/Y6lMHl24ewEP97V/Eu/GW7ClK28fxiRw2nL/SgSMvHm4R/3IK","1"
"James Brown","$2a$10$rfFcNrpPcFgkw28ndAzn5.Ap8CJpTq7AMT3Wrj5RtXQ.spAsx47qS","1"
"the","$2a$10$964xl4U/lsLsDHcj3wjOueP.Rtwf.6oBhAjiFfvdJnsZKowBRihaC","1"
"4141","$2a$10$NuEaVcWaFe79gk6AvKPnx.YUTxle/wBKo59gLRj8JV7RNPo18AgLy","1"
"123","$2a$10$4u66GvxqkM6nnuCa2p7.PeVYW3fz1tVfETUc39jR3p8DVGXzw9fja","1"
"Pope","$2a$10$I6wW1YOr9T.6W/UUBj3krOkfziLHHGbXWhynrt1sRLWic1I7BPUEK","1"
"Jesus","$2a$10$wJhomM5UEd6K8XMqkW/3WeEsOsriyWZLdKi8Gj5MlUb/I74MsZE5u","1"
"Santa","$2a$10$HoJsebhAqLEBNrOzfSEqF.FzEgGW55zRB.kU7gt1WyHFpWjVSMupW","1"
"last hope","$2a$10$7D353rniJKJK0JSFerHvAuJq71HcPr4V98VtjnIeNlOKoQW7xvItm","1"
"pooper","$2a$10$AIMebAzXWiu6Yud/P.42te3a2I2EmEAAxvAKuVDg.dsnah0vF/K3m","1"
"one more","$2a$10$pVzdiuS4w5TBldTiXm/g7uOlzgrtCW1.2UMK5arSzRLzES4Ey7ahu","1"
"two more","$2a$10$HoVhfzxVO2Jn9gXq82Wn6OSTy.4fdEgNeN/Fr9wdMag3p5bGRPb7u","1"
"Luke","$2a$10$UcE1p6y87eekIadfcAQR0O8CxMxvFQ9n.D3l27LDseyo.ak8jQloy","1"
"newnew","$2a$10$xlUwpa6fdBkClZrq35KwXOm.110R18u59FFeyRFHXkwuStQITlxce","1"
"qwe","$2a$10$bVnqrKmUStEXyf0HFswMFeQzYmSYMO0f8h2qeAFyi00LZ6s9pLR7C","1"
"qw","$2a$10$6UMBQCaxcN8hzmx4GmV//eldM82nK2xKV6rVecK/jbWC.WRKInB3m","1"
"re","$2a$10$gqvyxj7igHHsNspwVTRzxO6Tu8qKS.Dvxe/b0W6HRRnH9Z02BJJCW","1"
"er","$2a$10$hnNn7WKSy.D0azoV1RPAS.yTv8ryizjJFgmMYaGQLDs9sGJDsO8BW","1"
"q","$2a$10$PPjhZgfj0/TTxUcH517qCOIkCDPYZiFbWbdCV2YE7x7mSLe.IbpwO","1"
"testt","$2a$10$zQOxhEfOyaSPbbenuT/9jO3hT3Lpao7WtQL/42.67X54p.6hzAH0W","1"
"7","$2a$10$mPpz1YNPKZhqTwCv9dTa7u5L0EYwjjaGgLUI73swjdVLKvML7SPw6","1"
"f","$2a$10$9ju6aEktZpjg7CMX9lU7leUXvc8TfiXySFprwquaI3jLESO848A1e","1"
"pls","$2a$10$1qkEnGhOku25uwUNrcfEOO36MJjs6JmxEBWSZIR4OQwUvh4lGNiLK","1"
"reeee","$2a$10$.hZUM.4tEKAzlJKJYiSu3eh2XsldCeu6WDlmINyCO3fdQtX4wGTsW","1"
"daft","$2a$10$r4WepjHDKYHQ.F6YIsIf0.aLLG7faFe4XoWt5QHQy.uQjXqbwQ/xu","1"
"g","$2a$10$DpW8sOfap3sXNX3Owg4ax.w2GwkQtFb411zzNxnG0W3UlmefXfCli","1"
"v","$2a$10$WsI4HfZ41YZ1V3D1ldf8veJsdq22ORAuquIAcetcx6m/HVNvPjTZK","1"
"k","$2a$10$2gJ34eiEvH7i/VaEwkGW9eq5E8Ixx6KfwCh1CaOOYloYL39sPyDMO","1"
